# RSO 4: 44008, ATLAS 5 CENTAUR DEB, 0.397373, 47490.6
0	3.67224	1.89225	4.87443
1	5.45757	2.73665	7.28741
2	13.1643	6.57547	17.5381
3	18.934	9.42036	25.1669
4	22.7529	11.2758	30.1737
5	24.6075	12.1465	32.5581
6	24.4839	12.0372	32.3201
7	22.3686	10.953	29.4597
8	18.2477	8.89894	23.9769
9	12.1075	5.88041	15.8721
10	3.93424	1.9029	5.14561
11	5.84742	2.74723	7.70513
12	14.1048	6.59832	18.5434
13	20.2865	9.44895	26.6096
14	24.3781	11.305	31.9034
15	26.3648	12.1725	34.4245
16	26.2321	12.0575	34.1728
17	23.9654	10.9664	31.1484
18	19.55	8.90575	25.3514
19	12.9713	5.88219	16.7819
20	4.21488	1.90266	5.44056
21	6.26016	2.73974	8.15371
22	15.0996	6.57671	19.623
23	21.7164	9.41319	28.1588
24	26.0951	11.2564	33.7609
25	28.2203	12.1139	36.4288
26	28.0768	11.9931	36.1625
27	25.6492	10.9021	32.962
28	20.9222	8.8487	26.8274
29	13.8809	5.8413	17.759
30	4.51009	1.88831	5.7573
31	6.68754	2.71146	8.62839
32	16.1291	6.50537	20.7654
33	23.1949	9.30588	29.7983
34	27.869	11.1218	35.7265
35	30.1356	11.9621	38.5497
36	29.9792	11.8362	38.2679
37	27.3841	10.7532	34.881
38	22.3349	8.72276	28.3892
39	14.8164	5.75481	18.7929
40	4.8135	1.85933	6.09246
41	7.11715	2.66519	9.12235
42	17.1626	6.39056	21.9542
43	24.6774	9.13641	31.5043
44	29.6456	10.913	37.772
45	32.0515	11.7309	40.7569
46	31.8798	11.6007	40.4589
47	29.1152	10.5332	36.8781
48	23.7426	8.53942	30.0146
49	15.7474	5.63064	19.8688
50	5.115	1.81818	6.44124
51	7.53091	2.61136	9.62738
52	18.1565	6.2586	23.1697
53	26.1005	8.94363	33.2486
54	31.348	10.6778	39.8633
55	33.8841	11.4726	43.0135
56	33.6943	11.3398	42.6991
57	30.7691	10.3039	38.92
58	25.0848	8.3491	31.6764
59	16.6332	5.50239	20.9688
60	5.40131	1.77598	6.79784
61	7.90706	2.57817	10.1367
62	19.0579	6.17878	24.3956
63	27.3885	8.82937	35.0078
64	32.8852	10.5415	41.9726
65	35.5351	11.3266	45.2895
66	35.3255	11.1963	44.9585
67	32.2442	10.1622	40.9793
68	26.2794	8.23584	33.3524
69	17.4199	5.42877	22.0782
70	5.65494	1.7525	7.15749
71	8.21943	2.61441	10.6485
72	19.8037	6.2694	25.6274
73	28.4499	8.96456	36.7755
74	34.1472	10.71	44.092
75	36.885	11.5158	47.5765
76	36.6536	11.3918	47.2287
77	33.4437	10.3476	43.0486
78	27.2465	8.39288	35.0365
79	18.0539	5.53695	23.193
80	5.85841	1.78895	7.51885
81	8.44299	2.79479	11.1773
82	20.3338	6.71113	26.9
83	29.1992	9.60952	38.6018
84	35.0315	11.4969	46.2817
85	37.824	12.3798	49.9393
86	37.5704	12.2646	49.5742
87	34.2652	11.1573	45.1865
88	27.9035	9.06357	36.7764
89	18.4811	5.98883	24.3447
90	5.99438	1.93809	7.89218
91	8.55734	3.21781	11.7721
92	20.5997	7.73924	28.3316
93	29.5673	11.0995	40.6563
94	35.4567	13.3009	48.7451
95	38.2652	14.3455	52.5974
96	37.9912	14.2356	52.2129
97	34.6326	12.971	47.5915
98	28.1894	10.554	38.7338
99	18.6617	6.98498	25.6403
100	6.05017	2.26412	8.31215
101	8.55165	4.02684	12.563
102	20.5742	9.69428	30.2354
103	29.5168	13.9188	43.3885
104	35.3793	16.6974	52.0211
105	38.1636	18.0279	56.1324
106	37.8719	17.9077	55.722
107	34.5075	16.334	50.7899
108	28.0742	13.3037	41.3367
109	18.5765	8.81335	27.3632
110	6.01961	2.85947	8.87062
111	8.42485	5.55428	13.9107
112	20.2617	13.3782	33.4794
113	29.0547	19.2139	48.0442
114	34.8092	23.0561	57.6036
115	37.5312	24.8998	62.1562
116	37.2273	24.7396	61.7018
117	33.9047	22.5702	56.2402
118	27.5713	18.3864	45.7722
119	18.2356	12.1825	30.299
120	5.90648	3.95311	9.82219
121	8.1911	9.07436	17.133
122	19.6911	21.8508	41.2364
123	28.2245	31.3729	59.1777
124	33.8004	37.6345	70.9536
125	36.4284	40.6298	76.5622
126	36.1185	40.3536	76.0023
127	32.8815	36.8006	69.2742
128	26.7284	29.9664	56.3789
129	17.671	19.8465	37.3188
130	5.72136	6.43707	12.0973
131	7.87112	26.0526	33.7078
132	18.9149	62.7097	81.1571
133	27.1021	89.9951	116.497
134	32.4448	107.897	139.703
135	34.9552	116.411	150.758
136	34.6461	115.537	149.654
137	31.5306	105.28	136.393
138	25.6224	85.6528	110.983
139	16.9353	56.6724	73.4428
140	5.48376	18.3622	23.7987
141	7.48987	25.9012	18.4625
142	17.9933	62.2832	44.4375
143	25.774	89.2967	63.7728
144	30.8458	106.961	76.4642
145	33.2228	115.298	82.5089
146	32.9195	114.333	81.9055
147	29.9506	104.098	74.6542
148	24.3312	84.6247	60.7565
149	16.0765	55.9504	40.2156
150	5.20207	18.1152	13.036
151	7.07326	8.36575	1.31671
152	16.9886	20.0962	3.16874
153	24.3294	28.7846	4.54701
154	29.1105	34.447	5.45153
155	31.3472	37.0997	5.88228
156	31.0545	36.7595	5.83929
157	28.2481	33.4431	5.32253
158	22.9436	27.1675	4.33202
159	15.1567	17.9501	2.86775
160	4.90351	5.80816	0.929728
161	6.64303	4.93256	1.78434
162	15.9528	11.8413	4.29412
163	22.8425	16.9496	6.1619
164	27.3274	20.2707	7.38766
165	29.4228	21.8176	7.97141
166	29.144	21.6035	7.91314
167	26.5067	19.6419	7.21285
168	21.5263	15.9459	5.87055
169	14.2187	10.5291	3.88624
170	4.59946	3.40476	1.25992
171	6.21653	3.53752	2.87993
172	14.9271	8.48899	6.93075
173	21.3718	12.1465	9.94537
174	25.5656	14.5208	11.9238
175	27.5235	15.623	12.866
176	27.2605	15.4639	12.7719
177	24.7916	14.0544	11.6416
178	20.132	11.4056	9.47513
179	13.2968	7.52835	6.27242
180	4.30093	2.43349	2.03352
181	5.80581	2.82205	3.31841
182	13.9402	6.77122	7.98598
183	19.9579	9.68735	11.4596
184	23.8733	11.5796	13.7392
185	25.7005	12.457	14.8249
186	25.454	12.3286	14.7165
187	23.148	11.2037	13.4141
188	18.7967	9.09108	10.9178
189	12.4145	5.99994	7.22742
190	4.01546	1.93925	2.34312
191	5.41851	2.40586	3.47107
192	13.0101	5.77289	8.35338
193	18.6263	8.25952	11.9868
194	22.2803	9.87338	14.3713
195	23.9856	10.6221	15.5069
196	23.7556	10.5134	15.3936
197	21.6035	9.55464	14.0313
198	17.5427	7.75355	11.42
199	11.5864	5.1176	7.55992
200	3.74769	1.65428	2.45092
201	5.05881	2.13908	3.48208
202	12.1466	5.13325	8.37987
203	17.3903	7.34514	12.0248
204	20.8024	8.78157	14.4169
205	22.3953	9.44886	15.5561
206	22.1811	9.35344	15.4424
207	20.1723	8.50174	14.0758
208	16.381	6.90013	11.4563
209	10.8195	4.55496	7.58389
210	3.49972	1.47254	2.45869
211	4.72806	1.9517	3.41876
212	11.3531	4.68453	8.2275
213	16.255	6.70434	11.8062
214	19.4453	8.01676	14.1548
215	20.9352	8.62734	15.2733
216	20.7361	8.54164	15.1616
217	18.8591	7.76517	13.8198
218	15.3155	6.3034	11.248
219	10.1163	4.1618	7.44599
220	3.27248	1.34577	2.41398
221	4.42638	1.80934	3.31623
222	10.6292	4.34324	7.98074
223	15.2196	6.21675	11.4521
224	18.2077	7.43479	13.7303
225	19.604	8.00222	14.8152
226	19.4188	7.9239	14.7069
227	17.6622	7.20451	13.4054
228	14.3444	5.84914	10.9106
229	9.47544	3.86241	7.22268
230	3.06535	1.24905	2.34158
231	4.15229	1.69307	3.19404
232	9.97185	4.06486	7.68668
233	14.2793	5.81907	11.0301
234	17.0841	6.96009	13.2243
235	18.3957	7.49224	14.2693
236	18.2232	7.41985	14.165
237	16.576	6.74721	12.9114
238	13.4633	5.47856	10.5086
239	8.89409	3.61816	6.95655
240	2.8775	1.17021	2.25531
241	3.90417	1.5935	3.06351
242	9.37674	3.82619	7.37257
243	13.4282	5.47796	10.5794
244	16.0671	6.55275	12.6839
245	17.302	7.05448	13.6862
246	17.1412	6.98704	13.5861
247	15.593	6.35429	12.3838
248	12.6659	5.16008	10.0792
249	8.36805	3.40823	6.67227
250	2.70757	1.10253	2.16314
251	3.67988	1.50499	2.93134
252	8.83877	3.61396	7.05449
253	12.6589	5.17452	10.1229
254	15.1478	6.19025	12.1367
255	16.3134	6.66474	13.0957
256	16.1631	6.60152	13
257	14.7046	6.00414	11.8495
258	11.9452	4.87608	9.64431
259	7.89254	3.22085	6.3844
260	2.55389	1.04189	2.06982
261	3.47726	1.42451	2.80145
262	8.3528	3.42092	6.7419
263	11.9639	4.89841	9.6744
264	14.3174	5.86031	11.5989
265	15.4204	6.3099	12.5154
266	15.2796	6.25044	12.4239
267	13.902	5.68519	11.3245
268	11.2943	4.61737	9.21697
269	7.46309	3.05019	6.10151
270	2.41518	0.986845	1.9781
271	3.29425	1.35038	2.67612
272	7.91379	3.24282	6.44028
273	11.336	4.64354	9.24158
274	13.5672	5.55561	11.08
275	14.6135	5.98192	11.9555
276	14.4814	5.92581	11.8681
277	13.1768	5.39014	10.8178
278	10.706	4.37791	8.80462
279	7.07495	2.89208	5.82854
280	2.28973	0.935636	1.88961
281	3.12871	1.28108	2.55659
282	7.51682	3.07671	6.1526
283	10.7683	4.4059	8.82877
284	12.8888	5.2715	10.5851
285	13.8841	5.67637	11.4215
286	13.7597	5.62332	11.338
287	12.5212	5.11517	10.3346
288	10.1742	4.15471	8.41133
289	6.72407	2.74473	5.56819
290	2.17635	0.887994	1.8052
291	2.97899	1.21638	2.44344
292	7.15771	2.92141	5.88031
293	10.2547	4.18362	8.43804
294	12.2751	5.0057	10.1166
295	13.2241	5.39029	10.916
296	13.1067	5.34007	10.8362
297	11.9279	4.85766	9.87722
298	9.69292	3.94569	8.03907
299	6.4065	2.60662	5.32176
300	2.07373	0.843331	1.72531
301	2.84338	1.15565	2.33689
302	6.83241	2.77561	5.62388
303	9.78942	3.9749	8.07007
304	11.7191	4.75605	9.67544
305	12.6261	5.12155	10.44
306	12.515	5.07391	10.3636
307	11.3904	4.61561	9.44649
308	9.25682	3.74912	7.6885
309	6.11879	2.47689	5.08969
310	1.98076	0.801374	1.65007
311	2.7204	1.0986	2.23687
312	6.53742	2.63862	5.38319
313	9.36749	3.77878	7.72468
314	11.2149	4.52145	9.26134
315	12.0838	4.86901	9.99315
316	11.9784	4.8238	9.9201
317	10.9029	4.38817	9.0422
318	8.86131	3.56445	7.35944
319	5.85783	2.35497	4.87186
320	1.89646	0.762027	1.57945
321	2.60878	1.04507	2.1432
322	6.26959	2.5099	5.15776
323	8.98432	3.59428	7.4012
324	10.7569	4.30073	8.87351
325	11.5912	4.63135	9.57467
326	11.491	4.58838	9.50468
327	10.46	4.17403	8.66354
328	8.50201	3.39051	7.05126
329	5.62071	2.24002	4.66784
330	1.8198	0.724752	1.51331
331	2.50721	0.994508	2.05559
332	6.026	2.38866	4.94691
333	8.63596	3.42088	7.09863
334	10.3406	4.09328	8.51075
335	11.1434	4.40799	9.18325
336	11.0479	4.36714	9.11612
337	10.0574	3.97281	8.30937
338	8.17533	3.22712	6.763
339	5.40515	2.13213	4.47702
340	1.75017	0.689934	1.45145
341	2.41486	0.947241	1.9737
342	5.80437	2.27497	4.74984
343	8.31889	3.25801	6.81585
344	9.96163	3.89839	8.17172
345	10.7358	4.19812	8.81742
346	10.6444	4.15922	8.75297
347	9.69073	3.78356	7.97836
348	7.87784	3.07337	6.49359
349	5.20881	2.03052	4.29867
350	1.68668	0.656973	1.39363
351	2.33061	0.902639	1.8972
352	5.60231	2.16803	4.56573
353	8.02987	3.10493	6.55166
354	9.6162	3.71527	7.85496
355	10.3642	4.00095	8.47564
356	10.2767	3.96389	8.41368
357	9.35662	3.60599	7.6691
358	7.60674	2.92915	6.24188
359	5.02989	1.93524	4.13205
360	1.62885	0.626148	1.33961
361	2.25382	0.86097	1.82572
362	5.41808	2.06796	4.39372
363	7.76631	2.96164	6.30483
364	9.30118	3.54383	7.55904
365	10.0253	3.81635	8.15634
366	9.94134	3.78103	8.09671
367	9.05187	3.43968	7.38018
368	7.35947	2.79409	6.00673
369	4.86671	1.84606	3.97638
370	1.57614	0.597377	1.28914
371	2.18372	0.821987	1.75894
372	5.2499	1.97434	4.23301
373	7.52571	2.82757	6.07422
374	9.01358	3.38342	7.28254
375	9.71593	3.64362	7.85799
376	9.63515	3.60991	7.80055
377	8.77361	3.28401	7.11022
378	7.13366	2.66763	5.78701
379	4.71766	1.76248	3.83093
380	1.52793	0.570255	1.24199
381	2.11971	0.785636	1.69652
382	5.0963	1.88705	4.0828
383	7.30597	2.70258	5.85866
384	8.75093	3.23389	7.02411
385	9.43338	3.48263	7.57914
386	9.35551	3.45045	7.52374
387	8.51949	3.13899	6.85791
388	6.92747	2.54987	5.58165
389	4.58159	1.68473	3.69499
390	1.48398	0.54518	1.19791
391	2.06125	0.751938	1.63816
392	4.956	1.80597	3.94234
393	7.10522	2.58644	5.65711
394	8.51096	3.09493	6.78247
395	9.17518	3.3329	7.3184
396	9.09996	3.30213	7.2649
397	8.28725	3.00408	6.62198
398	6.739	2.44029	5.38963
399	4.45719	1.61231	3.56787
400	1.44374	0.521677	1.1567
401	2.00776	0.720539	1.58356
402	4.82772	1.73074	3.81093
403	6.92172	2.47879	5.46855
404	8.29163	2.96619	6.55639
405	8.93927	3.19443	7.07446
406	8.86648	3.16501	7.02275
407	8.07507	2.87939	6.40126
408	6.56684	2.33907	5.20999
409	4.34357	1.54549	3.44895
410	1.40704	0.500138	1.11815
411	1.95897	0.691816	1.53244
412	4.71058	1.66164	3.68793
413	6.75412	2.37983	5.29204
414	8.09128	2.84781	6.34477
415	8.72374	3.067	6.84611
416	8.65317	3.03881	6.79607
417	7.88122	2.76464	6.19464
418	6.4095	2.2458	5.04182
419	4.23972	1.48387	3.33762
420	1.37345	0.480138	1.08206
421	1.91433	0.665353	1.48456
422	4.60354	1.59826	3.5727
423	6.60101	2.28917	5.12669
424	7.90828	2.73943	6.14653
425	8.52688	2.95038	6.63221
426	8.45834	2.92335	6.58373
427	7.70417	2.65967	6.00108
428	6.26587	2.16067	4.88429
429	4.14492	1.42767	3.23334
430	1.34281	0.461969	1.04825
431	1.87364	0.641455	1.43968
432	4.50591	1.54092	3.46467
433	6.46135	2.20713	4.97168
434	7.74135	2.64136	5.96068
435	8.34732	2.84488	6.43167
436	8.28065	2.81894	6.38466
437	7.5427	2.5648	5.81964
438	6.13486	2.0837	4.73661
439	4.05847	1.3769	3.13558
440	1.31489	0.445621	1.01655
441	1.83658	0.620107	1.39756
442	4.41694	1.48949	3.36332
443	6.33407	2.13357	4.82623
444	7.58923	2.55345	5.7863
445	8.18369	2.75033	6.24352
446	8.11872	2.72538	6.19788
447	7.39556	2.47978	5.64938
448	6.01547	2.01472	4.59804
449	3.97967	1.33135	3.04385
450	1.2894	0.430843	0.986816
451	1.80282	0.601084	1.358
452	4.33601	1.4441	3.26812
453	6.21832	2.06868	4.68962
454	7.45089	2.47594	5.62252
455	8.0349	2.66701	6.06679
456	7.97149	2.64299	6.02244
457	7.2618	2.40499	5.48947
458	5.90695	1.95409	4.46789
459	3.90807	1.2914	2.95769
460	1.26628	0.417997	0.958884
461	1.77222	0.584752	1.3208
462	4.26259	1.40485	3.17859
463	6.11329	2.01256	4.56116
464	7.32539	2.40894	5.4685
465	7.89992	2.59502	5.9006
466	7.8379	2.57175	5.85747
467	7.14043	2.34033	5.3391
468	5.80849	1.90168	4.3455
469	3.8431	1.25683	2.87667
470	1.24527	0.406785	0.932618
471	1.74449	0.57084	1.28577
472	4.19612	1.37165	3.09429
473	6.01824	1.96521	4.44019
474	7.21182	2.35248	5.32346
475	7.7778	2.53443	5.7441
476	7.71712	2.512	5.70212
477	7.03071	2.28616	5.1975
478	5.71949	1.85783	4.23025
479	3.78438	1.22796	2.80037
480	1.2263	0.397477	0.907882
481	1.71934	0.558972	1.25276
482	4.13574	1.34308	3.01485
483	5.93181	1.92413	4.32619
484	7.11394	2.31974	5.18679
485	7.67148	2.49627	5.59663
486	7.61128	2.47245	5.55572
487	6.93415	2.24914	5.06406
488	5.64093	1.8272	4.12164
489	3.73244	1.20748	2.72848
490	1.20948	0.390772	0.884573
491	1.69708	0.551016	1.22147
492	4.08244	1.3243	2.93954
493	5.85571	1.89777	4.21813
494	7.01767	2.27224	5.05723
495	7.56907	2.44851	5.45683
496	7.51068	2.42738	5.41694
497	6.84323	2.20962	4.93756
498	5.56746	1.79603	4.01869
499	3.68411	1.18737	2.66032
500	1.19391	0.384427	0.862478
501	1.67715	0.545264	1.19186
502	4.03467	1.31063	2.8683
503	5.78744	1.87842	4.1159
504	6.93614	2.24935	4.93466
505	7.48145	2.42415	5.32458
506	7.42405	2.40353	5.28566
507	6.76458	2.18819	4.81789
508	5.50371	1.77884	3.92129
509	3.64209	1.17618	2.59585
510	1.18035	0.380889	0.841575
511	1.65955	0.542331	1.16371
512	3.99246	1.30368	2.80054
513	5.72712	1.86867	4.01867
514	6.86412	2.23792	4.81809
515	7.40408	2.41214	5.1988
516	7.34757	2.39193	5.16079
517	6.69517	2.17792	4.70408
518	5.44746	1.77072	3.82866
519	3.605	1.17095	2.53453
520	1.16837	0.37921	0.821695
521	1.64412	0.542136	1.13682
522	3.95554	1.30346	2.73583
523	5.67439	1.86864	3.92582
524	6.80122	2.23825	4.70676
525	7.33653	2.41284	5.07868
526	7.28083	2.39296	5.04155
527	6.63463	2.17917	4.59539
528	5.39842	1.77199	3.7402
529	3.5727	1.17197	2.47597
530	1.15796	0.379624	0.80271
531	1.63085	0.544914	1.11102
532	3.92373	1.31027	2.67373
533	5.62899	1.87865	3.8367
534	6.74707	2.25055	4.59992
535	7.2784	2.42644	4.96339
536	7.22343	2.40679	4.92711
537	6.58259	2.19207	4.49107
538	5.35628	1.7827	3.65529
539	3.54495	1.17921	2.41976
540	1.149	0.381996	0.784488
541	1.61959	0.550567	1.08609
542	3.89683	1.3241	2.61374
543	5.59062	1.89877	3.75062
544	6.70134	2.27498	4.49672
545	7.22936	2.45313	4.85203
546	7.17505	2.43362	4.81657
547	6.53875	2.21682	4.39032
548	5.32083	1.80312	3.57328
549	3.52163	1.19288	2.36547
550	1.14149	0.386484	0.766888
551	1.61033	0.559271	1.06183
552	3.8747	1.34522	2.55536
553	5.55909	1.92932	3.66684
554	6.66381	2.31191	4.39627
555	7.18916	2.49331	4.74365
556	7.13543	2.47382	4.70898
557	6.5029	2.25376	4.29225
558	5.29187	1.83343	3.49347
559	3.5026	1.21311	2.31264
560	1.13537	0.39311	0.749758
561	1.60301	0.571081	1.038
562	3.85722	1.37376	2.49801
563	5.53423	1.97052	3.58454
564	6.63426	2.36159	4.2976
565	7.15756	2.54722	4.63718
566	7.10434	2.52765	4.60329
567	6.47482	2.30311	4.19591
568	5.26922	1.87382	3.41506
569	3.48774	1.24	2.26073
570	1.13059	0.401862	0.73293
571	1.59757	0.586039	1.01433
572	3.84429	1.40996	2.44104
573	5.51589	2.02271	3.5028
574	6.61253	2.42444	4.19959
575	7.13439	2.61535	4.53143
576	7.08162	2.59558	4.49831
577	6.45436	2.3653	4.10022
578	5.25277	1.92466	3.33718
579	3.47699	1.27381	2.20917
580	1.12715	0.41288	0.716215
581	1.594	0.604341	0.990509
582	3.83584	1.45415	2.38372
583	5.50398	2.08633	3.42055
584	6.59851	2.501	4.10098
585	7.11953	2.69824	4.42503
586	7.06714	2.67815	4.39268
587	6.44141	2.44083	4.00394
588	5.24244	1.98635	3.25882
589	3.47028	1.31478	2.1573
590	1.12502	0.426205	0.699398
591	1.59227	0.626121	0.966188
592	3.83219	1.50732	2.32519
593	5.49858	2.16228	3.33656
594	6.59216	2.5921	4.00029
595	7.1129	2.79674	4.31638
596	7.06081	2.77618	4.28482
597	6.43589	2.53043	3.90563
598	5.23814	2.05948	3.1788
599	3.46757	1.36333	2.10433
600	1.12418	0.441989	0.682225
601	1.59237	0.651657	0.940945
602	3.83222	1.56835	2.26444
603	5.49923	2.25072	3.24938
604	6.59339	2.69875	3.89577
605	7.1147	2.91248	4.2036
606	7.06262	2.89069	4.17288
607	6.43779	2.63506	3.80359
608	5.23989	2.14484	3.09575
609	3.46886	1.41998	2.04935
610	1.12465	0.460397	0.664401
611	1.59431	0.681233	0.914266
612	3.83702	1.63964	2.20024
613	5.5063	2.35313	3.15725
614	6.60205	2.82163	3.78531
615	7.12418	3.04502	4.08442
616	7.07257	3.02321	4.05456
617	6.4471	2.75608	3.69574
618	5.24767	2.24353	3.00797
619	3.47415	1.48544	1.99124
620	1.1264	0.481661	0.645563
621	1.59809	0.715326	0.885532
622	3.84626	1.72182	2.13109
623	5.51978	2.47126	3.05802
624	6.61847	2.96348	3.66634
625	7.14216	3.19833	3.95605
626	7.09069	3.17565	3.92713
627	6.46388	2.89526	3.57959
628	5.26152	2.357	2.91344
629	3.48345	1.56066	1.92866
630	1.12946	0.506082	0.625274
631	1.60373	0.75451	0.853969
632	3.85999	1.81627	2.05513
633	5.5397	2.607	2.94903
634	6.64262	3.12645	3.53567
635	7.1685	3.37443	3.81504
636	7.11712	3.3507	3.78716
637	6.48822	3.05505	3.45201
638	5.28155	2.48723	2.80959
639	3.49685	1.647	1.85992
640	1.13385	0.534122	0.602988
641	1.61127	0.799619	0.818603
642	3.8783	1.92494	1.97002
643	5.56618	2.7631	2.82689
644	6.67463	3.31383	3.38924
645	7.20333	3.57686	3.65704
646	7.15197	3.55189	3.63031
647	6.52024	3.23865	3.30904
648	5.30782	2.63684	2.69323
649	3.51437	1.74616	1.78289
650	1.13957	0.566293	0.578015
651	1.62074	0.851676	0.77818
652	3.90125	2.05037	1.87274
653	5.59936	2.94329	2.6873
654	6.71467	3.53009	3.22188
655	7.24683	3.81046	3.47646
656	7.19545	3.78403	3.45104
657	6.56015	3.45049	3.14564
658	5.34052	2.80944	2.56024
659	3.53617	1.86054	1.69485
660	1.14669	0.60343	0.549473
661	1.63222	0.912207	0.731065
662	3.92902	2.19615	1.75935
663	5.63943	3.15266	2.5246
664	6.763	3.78134	3.02681
665	7.29928	4.0818	3.26597
666	7.24782	4.05364	3.2421
667	6.60815	3.69645	2.95518
668	5.37981	3.00982	2.40523
669	3.56232	1.99331	1.59224
670	1.15522	0.646515	0.516205
671	1.64574	0.983157	0.675079
672	3.96173	2.36703	1.62462
673	5.6866	3.39807	2.33126
674	6.81984	4.07582	2.79501
675	7.36093	4.39981	3.01586
676	7.30932	4.36958	2.99381
677	6.66449	3.98467	2.72887
678	5.42589	3.24458	2.22103
679	3.59298	2.14884	1.4703
680	1.1652	0.696963	0.476673
681	1.66139	1.06734	0.607256
682	3.99957	2.56977	1.4614
683	5.74116	3.68921	2.09704
684	6.88555	4.42514	2.5142
685	7.43215	4.77702	2.71286
686	7.38035	4.74432	2.69303
687	6.72953	4.3265	2.45471
688	5.47908	3.52302	1.99789
689	3.62835	2.33331	1.32258
690	1.17673	0.756832	0.428783
691	1.67926	1.1687	0.523455
692	4.04276	2.81389	1.25972
693	5.80339	4.03975	1.80765
694	6.96048	4.84569	2.16724
695	7.51334	5.23112	2.33849
696	7.46128	5.19541	2.32139
697	6.8036	4.73796	2.11596
698	5.53961	3.85813	1.72218
699	3.66858	2.5553	1.14007
700	1.18981	0.828831	0.369611
701	1.69944	1.293	0.417726
702	4.09153	3.11325	1.00528
703	5.87366	4.46962	1.44254
704	7.04506	5.36142	1.7295
705	7.60498	5.78799	1.86615
706	7.55261	5.74858	1.85251
707	6.88718	5.24251	1.68857
708	5.6079	4.26906	1.37433
709	3.71398	2.82752	0.909794
710	1.2046	0.917164	0.294956
711	1.72267	1.44964	0.28123
712	4.14778	3.49058	0.676797
713	5.95494	5.01174	0.971176
714	7.13748	6.00536	1.16437
715	7.70572	6.48402	1.25637
716	7.65341	6.44048	1.24719
717	6.97967	5.8739	1.13682
718	5.68362	4.78348	0.925257
719	3.76437	3.16838	0.612511
720	1.22102	1.02777	0.198577
721	1.74745	1.65027	0.100165
722	4.20747	3.97353	0.241053
723	6.04061	5.70484	0.345902
724	7.24594	6.84328	0.41471
725	7.82249	7.3879	0.447479
726	7.76931	7.33779	0.444208
727	7.08541	6.69198	0.404897
728	5.76981	5.44952	0.329547
729	3.82156	3.60948	0.218157
730	1.23961	1.17083	0.0707267
731	1.77548	1.91904	0.147971
732	4.27513	4.62072	0.356101
733	6.13804	6.63409	0.510991
734	7.36314	7.95804	0.61264
735	7.94938	8.59148	0.661048
736	7.8957	8.53328	0.656216
737	7.201	7.78233	0.598144
738	5.86422	6.3375	0.48683
739	3.88425	4.19765	0.322277
740	1.26	1.36163	0.104483
741	1.80643	2.29475	0.502783
742	4.34987	5.52544	1.20998
743	6.24563	7.9331	1.73627
744	7.49256	9.51638	2.08166
745	8.08948	10.2739	2.24614
746	8.03522	10.2044	2.22972
747	7.32859	9.30649	2.0324
748	5.96839	7.57874	1.65417
749	3.95343	5.01981	1.09505
750	1.28248	1.62832	0.355015
751	1.84051	2.85351	1.04064
752	4.43217	6.87097	2.50436
753	6.36415	9.86505	3.59366
754	7.6351	11.834	4.30853
755	8.24378	12.7762	4.64898
756	8.18888	12.6899	4.61499
757	7.4691	11.5733	4.20658
758	6.08312	9.42477	3.42374
759	4.02963	6.24258	2.26648
760	1.30729	2.02499	0.734795
761	1.87801	3.76333	1.92995
762	4.52266	9.06182	4.64456
763	6.49436	13.0107	6.66478
764	7.7917	15.6077	7.9906
765	8.41328	16.8505	8.622
766	8.35766	16.7367	8.55897
767	7.62341	15.2641	7.80153
768	6.20911	12.4304	6.34966
769	4.11328	8.23341	4.20339
770	1.33446	2.67076	1.36274
771	1.91909	5.48088	3.6286
772	4.62189	13.1979	8.73262
773	6.6372	18.9496	12.5311
774	7.96348	22.7323	15.024
775	8.5992	24.5427	16.2113
776	8.54279	24.3771	16.0928
777	7.79272	22.2323	14.6685
778	6.34734	18.105	11.9386
779	4.20508	11.9919	7.90311
780	1.36434	3.88988	2.56215
781	1.96418	9.83115	7.96656
782	4.73068	23.6755	19.1738
783	6.79377	33.9957	27.5155
784	8.15176	40.7839	32.9906
785	8.80297	44.0328	35.5982
786	8.74569	43.7359	35.3379
787	7.97819	39.887	32.2098
788	6.49875	32.4807	26.2143
789	4.30562	21.5123	17.3523
790	1.39704	6.97748	5.62507
791	2.01351	38.9543	37.1581
792	4.84975	93.992	89.5979
793	6.96514	135.158	128.756
794	8.35785	162.299	154.516
795	9.02601	175.307	166.801
796	8.96776	174.116	165.574
797	8.18122	158.707	150.84
798	6.66448	129.104	122.641
799	4.41565	85.3758	81.0616
800	1.43279	27.6353	26.2266
801	2.06751	20.1091	22.0949
802	4.98009	48.4512	53.2088
803	7.15273	69.5972	76.3909
804	8.58343	83.5147	91.6172
805	9.27015	90.1782	98.872
806	9.21085	89.569	98.1478
807	8.40347	81.6752	89.4452
808	6.84593	66.4918	72.7733
809	4.53614	44.0206	48.1494
810	1.472	14.2705	15.599
811	2.1266	8.61558	10.6067
812	5.1227	20.7483	25.5296
813	7.358	29.7927	36.638
814	8.83026	35.7417	43.9295
815	9.53729	38.589	47.4023
816	9.47683	38.3287	47.0556
817	8.64663	34.9555	42.8895
818	7.04442	28.4647	34.9051
819	4.66792	18.8523	23.104
820	1.51482	6.11463	7.48917
821	2.19123	5.67967	7.69535
822	5.27878	13.677	18.5207
823	7.58265	19.6378	26.578
824	9.10047	23.5582	31.8662
825	9.82973	25.4344	34.3848
826	9.76801	25.2626	34.1334
827	8.91285	23.0396	31.112
828	7.26177	18.762	25.3211
829	4.81226	12.4266	16.7613
830	1.56179	4.03076	5.4336
831	2.26208	4.37148	6.41863
832	5.44974	10.5264	15.4476
833	7.8287	15.1137	22.1675
834	9.39631	18.1305	26.5779
835	10.1499	19.5741	28.6783
836	10.0868	19.4417	28.4686
837	9.20433	17.7307	25.9489
838	7.49972	14.4387	21.1193
839	4.97024	9.56324	13.9802
840	1.61313	3.10199	4.53215
841	2.33963	3.6527	5.73696
842	5.63699	8.79541	13.8069
843	8.09824	12.6281	19.8129
844	9.72047	15.1484	23.7546
845	10.5008	16.3542	25.6318
846	10.4362	16.2433	25.4445
847	9.52375	14.8135	23.1925
848	7.76054	12.063	18.876
849	5.14345	7.98964	12.4953
850	1.66949	2.59155	4.05084
851	2.42475	3.21442	5.3416
852	5.84241	7.73979	12.8553
853	8.3939	11.1121	18.4472
854	10.076	13.3295	22.1172
855	10.8856	14.3902	23.865
856	10.8194	14.2922	23.6906
857	9.87413	13.0339	21.5938
858	8.04657	10.6135	17.575
859	5.33338	7.02947	11.6341
860	1.73126	2.28006	3.77168
861	2.51813	2.93215	5.10893
862	6.06783	7.05988	12.2953
863	8.71837	10.1356	17.6436
864	10.4663	12.1578	21.1537
865	11.308	13.1248	22.8253
866	11.24	13.035	22.6584
867	10.2587	11.887	20.6531
868	8.36054	9.67928	16.8093
869	5.54187	6.41048	11.1274
870	1.79903	2.07919	3.6074
871	2.62069	2.74611	4.98024
872	6.31555	6.61182	11.9855
873	9.07496	9.49199	17.1991
874	10.8951	11.3853	20.6207
875	11.7722	12.2903	22.2502
876	11.7023	12.2057	22.0875
877	10.6814	11.1303	20.1327
878	8.70572	9.06281	16.3858
879	5.77112	6.00197	10.847
880	1.87362	1.94665	3.51653
881	2.73361	2.62412	4.92439
882	6.58805	6.31768	11.8511
883	9.46725	9.06929	17.0062
884	11.367	10.8777	20.3894
885	12.283	11.7418	22.0006
886	12.2109	11.6605	21.8397
887	11.1465	10.6326	19.9069
888	9.08547	8.65709	16.202
889	6.0233	5.73297	10.7254
890	1.95561	1.85927	3.47709
891	2.85789	2.54691	4.9237
892	6.88819	6.13153	11.8494
893	9.89936	8.80159	17.0037
894	11.8867	10.5561	20.3864
895	12.8456	11.394	21.9974
896	12.7714	11.3145	21.8366
897	11.6591	10.3165	19.904
898	9.50397	8.39921	16.1997
899	6.30127	5.56189	10.7239
900	2.04606	1.80372	3.4766
901	2.99507	2.50267	4.96769
902	7.21932	6.02454	11.9553
903	10.3761	8.6474	17.1557
904	12.4601	10.3704	20.5686
905	13.4664	11.1928	22.1939
906	13.3895	11.1139	22.0317
907	12.2244	10.1329	20.0819
908	9.96561	8.24918	16.3445
909	6.60788	5.46216	10.8197
910	2.14579	1.77125	3.50767
911	3.14647	2.48316	5.05013
912	7.5849	5.97711	12.1537
913	10.9024	8.57866	17.4403
914	13.0933	10.2872	20.9099
915	14.1518	11.1021	22.5622
916	14.0722	11.0229	22.3973
917	12.8487	10.0491	20.4151
918	10.4754	8.18026	16.6157
919	6.94648	5.41604	10.9992
920	2.25596	1.75618	3.56588
921	3.31384	2.48277	5.16734
922	7.98903	5.97561	12.4358
923	11.4843	8.57571	17.8451
924	13.7932	10.2827	21.3952
925	14.9096	11.0962	23.0858
926	14.827	11.016	22.9171
927	13.5391	10.0419	20.8889
928	11.0392	8.17361	17.0013
929	7.32099	5.41113	11.2545
930	2.37776	1.75439	3.64864
931	3.499	2.49716	5.31738
932	8.43613	6.0096	12.7969
933	12.128	8.62355	18.3633
934	14.5676	10.3389	22.0164
935	15.748	11.1556	23.7562
936	15.6621	11.0738	23.5826
937	14.3028	10.0934	21.4955
938	11.663	8.21456	17.495
939	7.73526	5.43758	11.5813
940	2.51248	1.7627	3.75459
941	3.7039	2.52277	5.4995
942	8.93099	6.07059	13.2351
943	12.8405	8.71001	18.9922
944	15.4249	10.4413	22.7705
945	16.6762	11.2647	24.5699
946	16.5867	11.1805	24.3902
947	15.1484	10.1893	22.2317
948	12.3535	8.29157	18.0942
949	8.19398	5.48784	11.978
950	2.66174	1.77881	3.88318
951	3.93081	2.55676	5.7137
952	9.47885	6.15134	13.7507
953	13.6293	8.82448	19.732
954	16.3737	10.5768	23.6574
955	17.7035	11.4091	25.5269
956	17.6099	11.3221	25.3403
957	16.0842	10.3167	23.0976
958	13.1177	8.39381	18.799
959	8.70155	5.55457	12.4445
960	2.8268	1.80007	4.03443
961	4.18168	2.59579	5.96056
962	10.0847	6.24426	14.3448
963	14.5016	8.95622	20.5845
964	17.4231	10.7328	24.6796
965	18.8395	11.5752	26.6298
966	18.7414	11.4848	26.4351
967	17.119	10.463	24.0956
968	13.9628	8.51132	19.6112
969	9.26289	5.63128	12.9822
970	3.00944	1.82464	4.20873
971	4.4588	2.63709	6.2409
972	10.7537	6.34213	15.0195
973	15.4648	9.09458	21.5527
974	18.5816	10.8962	25.8404
975	20.0936	11.7488	27.8823
976	19.9904	11.6545	27.6785
977	18.2612	10.6151	25.2289
978	14.8954	8.63306	20.5336
979	9.8822	5.7105	13.5928
980	3.21086	1.84988	4.40668
981	4.76374	2.6769	6.5556
982	11.4899	6.43623	15.7768
983	16.5245	9.22712	22.6395
984	19.8561	11.0521	27.1434
985	21.4731	11.9138	29.2884
986	21.364	11.8149	29.0743
987	19.5171	10.7583	26.5011
988	15.9207	8.74708	21.569
989	10.563	5.78428	14.2782
990	3.43222	1.87317	4.62888
991	5.09764	2.71131	6.90523
992	12.296	6.51725	16.6183
993	17.6846	9.34039	23.847
994	21.2511	11.1843	28.5912
995	22.9828	12.0524	30.8505
996	22.867	11.9486	30.625
997	20.891	10.8765	27.9146
998	17.0421	8.84029	22.7194
999	11.3075	5.84401	15.0397
